Brand,Pattern,Size,Quantity,Condition,Category,Location,Cost Price,Selling Price,Minimum Stock,Reorder Quantity,Supplier,Tracking Mode,Notes
Ralson,RDR75,265/70r19.5,8,New,Truck Tyre,Regency Park,,,,,,Quantity,
Ralson,RMR61,265/70r19.5,7,New,Truck Tyre,Regency Park,,,,,,Quantity,
Ralson,RMR61,295/80r22.5,51,New,Truck Tyre,Regency Park,,,,,,Quantity,
Ralson,RAC55,295/80r22.5,38,New,Truck Tyre,Regency Park,,,,,,Quantity,
Ralson,RDR75,295/80r22.5,16,New,Truck Tyre,Regency Park,,,,,,Quantity,
Ralson,RMR61,385/65r22.5,16,New,Truck Tyre,Regency Park,,,,,,Quantity,
Ralson,RTR71,11r22.5,17,New,Truck Tyre,Regency Park,,,,,,Quantity,
Ralson,RDR52,11r22.5,16,New,Truck Tyre,Regency Park,,,,,,Quantity,
Ralson,RDR55,11r22.5,36,New,Truck Tyre,Regency Park,,,,,,Quantity,
Ralson,RDC66,11r22.5,16,New,Truck Tyre,Regency Park,,,,,,Quantity,
Ralson,RAC55,11r22.5,22,New,Truck Tyre,Regency Park,,,,,,Quantity,
Ralson,RDR75,235/75r17.5,16,New,Truck Tyre,Regency Park,,,,,,Quantity,
Ralson,RMR61,235/75r17.5,16,New,Truck Tyre,Regency Park,,,,,,Quantity,
Ralson,RMR61,275/70r22.5,3,New,Truck Tyre,Regency Park,,,,,,Quantity,
Greforce,HD02,11r22.5,8,New,Truck Tyre,Regency Park,,,,,,Quantity,
Greforce,GR881W,11r22.5,107,New,Truck Tyre,Regency Park,,,,,,Quantity,
Greforce,G-ARMOR,11r22.5,74,New,Truck Tyre,Regency Park,,,,,,Quantity,
Greforce,GRD1919,11r22.5,37,New,Truck Tyre,Regency Park,,,,,,Quantity,
Greforce,G-PILOT,295/80r22.5,37,New,Truck Tyre,Regency Park,,,,,,Quantity,
Greforce,GRT33,9.5r17.5,9,New,Truck Tyre,Regency Park,,,,,,Quantity,
Greforce,GRT33,235/75r17.5,13,New,Truck Tyre,Regency Park,,,,,,Quantity,
Jumbo,SS398,295/80r22.5,18,New,Truck Tyre,Regency Park,,,,,,Quantity,
Jumbo,SS618,275/70r22.5,40,New,Truck Tyre,Regency Park,,,,,,Quantity,
Opartner,CP989,265/70r19.5,7,New,Truck Tyre,Regency Park,,,,,,Quantity,
Haulmax,ATT101,11r22.5,6,New,Truck Tyre,Regency Park,,,,,,Quantity,
Haulmax,ATT101,275/70r22.5,5,New,Truck Tyre,Regency Park,,,,,,Quantity,
Haulmax,ATT420,295/80r22.5,2,New,Truck Tyre,Regency Park,,,,,,Quantity,
Sailun,SFR22,385/65r22.5,2,New,Truck Tyre,Regency Park,,,,,,Quantity,
Sailun,S606,315/80r22.5,2,New,Truck Tyre,Regency Park,,,,,,Quantity,
Marvemax,MX921,11r22.5,2,New,Truck Tyre,Regency Park,,,,,,Quantity,
Roadone,HF21,11r22.5,1,New,Truck Tyre,Regency Park,,,,,,Quantity,
Hawkway,HW863,11r22.5,3,New,Truck Tyre,Regency Park,,,,,,Quantity,
Triangle,TR918,315/80r22.5,2,New,Truck Tyre,Regency Park,,,,,,Quantity,
Triangle,TR685,305/70r19.5,5,New,Truck Tyre,Regency Park,,,,,,Quantity,
Triangle,TRS02,305/70r22.5,2,New,Truck Tyre,Regency Park,,,,,,Quantity,
Triangle,TR685,245/70r19.5,4,New,Truck Tyre,Regency Park,,,,,,Quantity,
Nipon,AD156,11r22.5,7,New,Truck Tyre,Regency Park,,,,,,Quantity,
Hankook,AH39,385/65r22.5,6,New,Truck Tyre,Regency Park,,,,,,Quantity,
Regional,S647+,245/70r19.5,2,New,Truck Tyre,Regency Park,,,,,,Quantity,
Westlake,GR9604,205/75r17.5,2,New,Truck Tyre,Regency Park,,,,,,Quantity,
Westlake,Z-108,195/65r15,4,New,Truck Tyre,Regency Park,,,,,,Quantity,
Sailun,S637+,255/70r22.5,4,New,Truck Tyre,Regency Park,,,,,,Quantity,
Sailun,S637+,9.5r17.5,1,New,Truck Tyre,Regency Park,,,,,,Quantity,
Sailun,S637+,255/85r11.5,2,New,Truck Tyre,Regency Park,,,,,,Quantity,
Sailun,S637,215/75r17.5,1,New,Truck Tyre,Regency Park,,,,,,Quantity,
Sailun,S637,265/70r19.5,1,New,Truck Tyre,Regency Park,,,,,,Quantity,
Cotechoo,99t,215/70r16,12,New,Truck Tyre,Regency Park,,,,,,Quantity,
Annaite,An900,195/85r16,5,New,Truck Tyre,Regency Park,,,,,,Quantity,
Sailun,An800,225/75r16,6,New,Truck Tyre,Regency Park,,,,,,Quantity,
Durable,Sport,255/40r19,1,New,Truck Tyre,Regency Park,,,,,,Quantity,
Sailun,S702,205/75r17.5,2,New,Truck Tyre,Regency Park,,,,,,Quantity,
Conqueror,At-5,285/60r18,4,New,Truck Tyre,Regency Park,,,,,,Quantity,
Roadstone,Hp02,195/60r16,1,New,Truck Tyre,Regency Park,,,,,,Quantity,
